feature,importance
cat__transmission_Manual,0.3347083895732279
num__year,0.21430583415301996
num__engineSize,0.16525414108571926
num__car_age,0.09100112078854389
num__mpg,0.03302858743181445
num__mileage,0.027634628442279513
num__is_luxury,0.02727309968249097
num__mileage_per_year,0.01436572345458819
cat__model_ Focus,0.006514143292360488
cat__brand_VW,0.005651076633062568
cat__model_ Corsa,0.004710865733809681
cat__brand_Vauxhall,0.004550659169339469
cat__brand_Audi,0.00435173957086099
num__tax,0.004215764035761653
cat__model_ Yaris,0.0042000988322787
cat__model_ Aygo,0.0028787121501192485
cat__brand_Ford,0.0022714715225885503
cat__model_ I10,0.002097181899639896
cat__model_ Viva,0.0019571069197144345
cat__model_ GLC Class,0.0018995013436144742
cat__model_ Up,0.0017014667944010378
cat__model_ Fiesta,0.0016827633991638488
cat__model_ Octavia,0.0015348535924604536
cat__model_ Kuga,0.0015183150742045168
cat__model_ Grandland X,0.0012827504563142655
cat__model_ Tucson,0.0012582355454002813
cat__model_ Tiguan,0.0012165787201481016
cat__model_ Kodiaq,0.0012055111999770324
cat__brand_Toyota,0.0011495968743913901
cat__model_ Ka+,0.0011356559135665117
cat__model_ Fabia,0.0011009879206689457
cat__model_ C Class,0.0010869012416775564
cat__fuelType_Diesel,0.001084163847482628
cat__fuelType_Petrol,0.0010821548669404859
cat__brand_BMW,0.0010436066785032283
cat__model_ 2 Series,0.0009391958712884054
cat__model_ Polo,0.0009028124601062184
cat__brand_Mercedes,0.0008942963126441696
cat__model_ Adam,0.0008691492116659824
cat__model_ Q3,0.0008451144611817409
cat__brand_Skoda,0.0008200590373429613
cat__model_ T-Roc,0.0007744960307479424
cat__model_ 1 Series,0.0007712888179040914
cat__model_ Q5,0.00068026303518174
cat__model_ Golf,0.0006589500965925068
cat__brand_Hyundai,0.0006551880816448358
cat__model_ T-Cross,0.000641031176825169
cat__model_ Puma,0.0006344225515075231
cat__model_ Astra,0.0005880229076634254
cat__model_ 3 Series,0.0005551346969923149
cat__model_ C-HR,0.0005466162427554044
cat__model_ Meriva,0.0004850745589221454
cat__model_ Crossland X,0.00048074969782974867
cat__model_ V Class,0.0004731345479400146
cat__transmission_Automatic,0.00047242865921443976
cat__model_ X5,0.000469989701792038
cat__transmission_Semi-Auto,0.0004679929743891806
cat__model_ GLE Class,0.0004658901520358684
cat__model_ Caravelle,0.00044814949041926516
cat__model_ X3,0.0004321785757357434
cat__model_ I20,0.0004087979707682207
cat__model_ A1,0.0003959663561782018
cat__model_ A Class,0.00038538626402538477
cat__model_ E Class,0.00037520812738093846
cat__model_ B Class,0.00036622878368818056
cat__model_ Auris,0.00030482506723818485
cat__model_ 5 Series,0.0003017274013706491
cat__model_ A4,0.0002966297029016777
cat__model_ Yeti Outdoor,0.00028775779386089616
cat__model_ S-MAX,0.0002874997085165485
cat__model_ KA,0.0002798220583356683
cat__model_ Mondeo,0.0002766432269746874
cat__model_ Galaxy,0.0002683660114744981
cat__model_ Citigo,0.00026519211589031056
cat__model_ EcoSport,0.00025140478792507127
cat__model_ Insignia,0.00024607560798048074
cat__fuelType_Hybrid,0.0002400432239600051
cat__model_ 7 Series,0.0002395562771780664
cat__model_ Passat,0.00023236181251068535
cat__model_ I30,0.00022996720102766495
cat__model_ Superb,0.00022119526959645495
cat__model_ Karoq,0.00021704980654070865
cat__model_ IX20,0.00021639141382400886
cat__model_ S Class,0.0002151566984788226
cat__model_ Touran,0.00021304058871066087
cat__model_ X4,0.00021073432293836037
cat__model_ Mokka X,0.00020595898224256754
cat__model_ A3,0.00020484053775942455
cat__model_ Q7,0.00018903236593392512
cat__model_ X1,0.0001889711848738397
cat__model_ C-MAX,0.000188199792365453
cat__model_ Mokka,0.000177811069763216
cat__model_ 4 Series,0.00017653905855284202
cat__model_ A6,0.00015563872027980018
cat__model_ A5,0.00014513493276702998
cat__model_ Q2,0.00013724999749819606
cat__model_ GLA Class,0.00013421869732764105
cat__model_ CL Class,0.00012952616002237163
cat__model_ B-MAX,0.000123776334458377
cat__model_ Edge,0.00011700405530316166
cat__model_ Kamiq,0.00010544390693403605
cat__model_ Zafira,9.926892761644481e-05
cat__model_ X6,9.917089001037093e-05
cat__model_ Vivaro,9.829316853825257e-05
cat__model_ Scirocco,8.817505297725803e-05
cat__model_ Rapid,8.088943466626958e-05
cat__model_ Z4,8.043970516164169e-05
cat__model_ Corolla,7.367209238853933e-05
cat__model_ Grand C-MAX,7.081053633344952e-05
cat__model_ Scala,7.057817938849969e-05
cat__model_ Arteon,7.036388618114422e-05
cat__model_ TT,6.502894687268551e-05
cat__model_ I800,6.254631175309157e-05
cat__model_ M Class,5.989798399416492e-05
cat__model_ 6 Series,5.942182657286308e-05
cat__model_ Caddy Maxi Life,5.9013214566145036e-05
cat__model_ Sharan,5.89118409353723e-05
cat__model_ Kona,5.850788042178009e-05
cat__model_ Golf SV,5.8473636138657444e-05
cat__model_ Verso,5.8192477129381944e-05
cat__model_ X2,5.71699312217119e-05
cat__model_ Prius,5.182359617463598e-05
cat__model_ Yeti,4.441935977650299e-05
cat__model_ GTC,4.272949294821694e-05
cat__model_ IX35,4.2256533524474366e-05
cat__model_ Santa Fe,4.132261911828936e-05
cat__model_ RAV4,4.0726579786725184e-05
cat__model_ CLS Class,4.041216112050823e-05
cat__model_ Avensis,4.013106614104525e-05
cat__model_ Beetle,4.007527451657342e-05
cat__model_ CC,3.8815290024199366e-05
cat__model_ Caddy Life,3.85481596160636e-05
cat__model_ A7,3.7313744069514797e-05
cat__model_ GL Class,3.730805422503038e-05
cat__model_ Agila,3.1635126786852736e-05
cat__model_ Grand Tourneo Connect,3.09462686517092e-05
cat__model_ SL CLASS,2.99129874180529e-05
cat__model_ SLK,2.9857904462761514e-05
cat__model_ A8,2.7780731446908506e-05
cat__model_ Tiguan Allspace,2.761281002785694e-05
cat__model_ Ioniq,2.5981447941310808e-05
cat__model_ CLA Class,2.5062860288569764e-05
cat__model_ Combo Life,2.3627128900031903e-05
cat__model_ Fox,2.2304178985086418e-05
cat__model_ I40,2.105821687558676e-05
cat__model_ Tourneo Custom,2.010023164103894e-05
cat__model_ Touareg,1.7913041394175955e-05
cat__model_ Mustang,1.4890343968247388e-05
cat__model_ Roomster,1.4628229825415324e-05
cat__model_ Tourneo Connect,1.3129041976005035e-05
cat__model_ RS3,1.1465816598354306e-05
cat__model_ GT86,1.1276570954411794e-05
cat__model_ Shuttle,1.0970041292945093e-05
cat__model_ Jetta,9.995335071017165e-06
cat__model_ M4,8.420591981379024e-06
cat__model_ PROACE VERSO,6.711463535607478e-06
cat__model_ S3,5.513144150182078e-06
cat__model_ Accent,5.187675970725455e-06
cat__model_ Fusion,4.771866867093197e-06
cat__model_ Supra,4.244210240160451e-06
cat__model_ Zafira Tourer,3.873360964155446e-06
cat__model_ 8 Series,3.5406383670646405e-06
cat__model_ Q8,3.488471829400278e-06
cat__model_ Urban Cruiser,3.2610753600098963e-06
cat__model_ Cascada,2.9936522215865157e-06
cat__model_ GLB Class,2.981891045389315e-06
cat__model_ M3,2.5853696605372454e-06
cat__model_ S4,2.4394253663941293e-06
cat__model_ GLS Class,2.26287750683992e-06
cat__model_ i3,2.1422706801512146e-06
cat__model_ M2,2.076427939519336e-06
cat__model_ Getz,1.800354629652524e-06
cat__model_ Eos,1.4857335640119449e-06
cat__model_ RS4,1.0308001454488315e-06
cat__model_ Camry,9.702051298675376e-07
cat__model_ Verso-S,9.138992448164746e-07
cat__model_ Kadjar,7.971698407599207e-07
cat__model_ RS5,7.389793839388223e-07
cat__model_ Land Cruiser,5.809173144239461e-07
cat__model_ Caddy Maxi,5.75709019149275e-07
cat__model_ SQ5,5.55866592963657e-07
cat__model_ RS6,4.2777463987051357e-07
cat__model_ Tigra,3.4794457732202505e-07
cat__model_ SQ7,2.510105683186234e-07
cat__model_ Veloster,2.425204203838423e-07
cat__model_ Antara,2.093659492734734e-07
cat__model_ M6,1.7742644892267217e-07
cat__fuelType_Electric,1.1044981169973388e-07
cat__model_200,4.270480284170537e-08
