feature,coefficient,abs_coefficient
cat__model_ Caravelle,0.5919290766231599,0.5919290766231599
cat__model_ Up,-0.5578926425348011,0.5578926425348011
cat__model_ KA,-0.508333333048318,0.508333333048318
cat__model_ Aygo,-0.5011201130657619,0.5011201130657619
cat__model_ Fox,-0.4943216280948482,0.4943216280948482
cat__model_ Supra,0.48771666423497256,0.48771666423497256
cat__model_ Fusion,-0.48686481641227586,0.48686481641227586
cat__model_ Land Cruiser,0.4780488878804321,0.4780488878804321
cat__model_ Vivaro,0.46938800646131434,0.46938800646131434
cat__model_ Ka+,-0.4544451146220896,0.4544451146220896
cat__model_ Citigo,-0.45287870240984035,0.45287870240984035
cat__model_ Viva,-0.45091423260485963,0.45091423260485963
cat__model_ Santa Fe,0.42585938994619077,0.42585938994619077
cat__model_ Edge,0.406917392955367,0.406917392955367
cat__model_ Agila,-0.37572419081303504,0.37572419081303504
cat__model_ Kodiaq,0.37430360523495604,0.37430360523495604
cat__model_ I10,-0.3698041174177523,0.3698041174177523
cat__model_ Yaris,-0.35162286677145693,0.35162286677145693
cat__model_ A1,-0.3250211062514253,0.3250211062514253
cat__model_ Tourneo Custom,0.31787500060665264,0.31787500060665264
cat__model_ PROACE VERSO,0.31315971719780084,0.31315971719780084
cat__model_ i3,0.3112622037837858,0.3112622037837858
cat__model_ Galaxy,0.31039351213998007,0.31039351213998007
cat__model_ Touareg,0.3030426543251941,0.3030426543251941
cat__model_ Puma,0.28466095548809606,0.28466095548809606
cat__model_ S-MAX,0.28394082428110984,0.28394082428110984
cat__model_ Grandland X,0.28126257722575304,0.28126257722575304
cat__model_ Urban Cruiser,-0.28065617331182224,0.28065617331182224
cat__model_ B-MAX,-0.2787435316618085,0.2787435316618085
cat__model_ 1 Series,-0.2778151527912795,0.2778151527912795
cat__model_ 2 Series,-0.2595003302697094,0.2595003302697094
cat__model_ Corsa,-0.25763129058551554,0.25763129058551554
cat__model_ Roomster,-0.25429321550163564,0.25429321550163564
cat__model_ B Class,-0.2542138279983939,0.2542138279983939
cat__model_ RS4,0.2532935184196504,0.2532935184196504
cat__model_ GLS Class,0.2522253173845293,0.2522253173845293
cat__model_ M Class,0.24590741242815026,0.24590741242815026
cat__model_ GLE Class,0.24244319433660746,0.24244319433660746
cat__model_ Karoq,0.2286747962616677,0.2286747962616677
cat__model_ Tiguan Allspace,0.22736125935370607,0.22736125935370607
cat__model_ Meriva,-0.22714298663728733,0.22714298663728733
cat__model_ X5,0.22254989114980878,0.22254989114980878
cat__model_ I20,-0.2223467822116208,0.2223467822116208
cat__model_ IX20,-0.22137195006931407,0.22137195006931407
cat__model_ Fabia,-0.22046380133067645,0.22046380133067645
cat__model_ Jetta,-0.21771871828887251,0.21771871828887251
cat__model_ S Class,0.21005895903199542,0.21005895903199542
cat__model_ Polo,-0.20768310176091284,0.20768310176091284
cat__model_ A3,-0.20746851524375765,0.20746851524375765
cat__model_ Adam,-0.2050145665279755,0.2050145665279755
cat__model_ Rapid,-0.20291546919345355,0.20291546919345355
cat__model_ Shuttle,0.19764273046651748,0.19764273046651748
cat__model_ Q8,0.19192101339809253,0.19192101339809253
cat__model_ A4,-0.18989876450926457,0.18989876450926457
num__is_luxury,0.1889182645575412,0.1889182645575412
cat__model_ A Class,-0.1883123015185502,0.1883123015185502
cat__model_ M3,0.18449403144664137,0.18449403144664137
cat__model_ Superb,0.18267158732994554,0.18267158732994554
cat__model_ Tucson,0.18157805998016316,0.18157805998016316
cat__model_ Tiguan,0.18121826637582272,0.18121826637582272
cat__brand_Vauxhall,-0.17986012964732132,0.17986012964732132
cat__model_ Q7,0.17713805616552164,0.17713805616552164
cat__model_ RS5,0.17406295828981325,0.17406295828981325
cat__model_ Q2,-0.16028601443013776,0.16028601443013776
cat__model_ X6,0.15922474292746472,0.15922474292746472
cat__model_ SLK,-0.15808316005926917,0.15808316005926917
cat__model_ 4 Series,-0.15772189451910384,0.15772189451910384
cat__model_ Auris,-0.15463249047999383,0.15463249047999383
cat__model_ 3 Series,-0.15205739519947412,0.15205739519947412
cat__model_ Kuga,0.14482234378897843,0.14482234378897843
cat__model_ Touran,0.13704140469934908,0.13704140469934908
cat__model_ SQ5,0.1363146242691614,0.1363146242691614
cat__model_ Combo Life,0.13524654361965838,0.13524654361965838
cat__model_ Fiesta,-0.1349147377055193,0.1349147377055193
cat__model_ Tigra,-0.1349035013830829,0.1349035013830829
cat__model_ Insignia,0.13462632892973725,0.13462632892973725
cat__brand_VW,0.13357497963024695,0.13357497963024695
cat__model_ Camry,-0.13322383992976278,0.13322383992976278
cat__model_ GLA Class,-0.13281283210762931,0.13281283210762931
cat__model_ GLC Class,0.13185836343156904,0.13185836343156904
cat__model_ Arteon,0.13140045727250693,0.13140045727250693
cat__model_ Sharan,0.1304065956343502,0.1304065956343502
cat__model_ 8 Series,0.12774151212859963,0.12774151212859963
cat__model_ Cascada,0.1275322642294451,0.1275322642294451
cat__model_ GT86,0.1269037302450724,0.1269037302450724
num__engineSize,0.12544215834808042,0.12544215834808042
cat__model_ Accent,-0.1251528485185182,0.1251528485185182
cat__model_ RAV4,0.12457825589339361,0.12457825589339361
cat__model_ Kamiq,0.11893761832044362,0.11893761832044362
cat__model_ Grand Tourneo Connect,0.11786079679044409,0.11786079679044409
cat__model_ Prius,0.11684806117259935,0.11684806117259935
cat__model_ V Class,0.11681837208405794,0.11681837208405794
cat__model_ IX35,0.1158572259435319,0.1158572259435319
cat__model_ 7 Series,0.11478466960630036,0.11478466960630036
cat__model_ Kona,0.11442450561805487,0.11442450561805487
cat__model_ A5,-0.11188509634955886,0.11188509634955886
cat__model_ X1,-0.10988151346665563,0.10988151346665563
cat__model_ T-Roc,0.10765224956987485,0.10765224956987485
cat__model_ Yeti Outdoor,0.10535412007005499,0.10535412007005499
cat__model_ SQ7,0.1048732451896688,0.1048732451896688
cat__model_ Caddy Maxi Life,-0.10440300086871704,0.10440300086871704
cat__model_ C-MAX,-0.10309880036557079,0.10309880036557079
cat__model_ RS6,0.1025330506022475,0.1025330506022475
num__car_age,-0.10146496404371502,0.10146496404371502
num__year,0.10146496403751915,0.10146496403751915
cat__model_ C-HR,0.10145662298790141,0.10145662298790141
cat__model_ Z4,-0.10138389406388847,0.10138389406388847
cat__model_200,-0.098874805493983,0.098874805493983
cat__model_ RS3,0.09855300408811188,0.09855300408811188
cat__model_ X2,-0.09824742981497736,0.09824742981497736
cat__model_ Yeti,0.09577130484211943,0.09577130484211943
cat__model_ Tourneo Connect,0.09506303316584189,0.09506303316584189
cat__model_ CL Class,-0.09394953231346162,0.09394953231346162
cat__model_ Kadjar,0.09342676158098924,0.09342676158098924
cat__model_ Caddy Life,-0.09335074986066773,0.09335074986066773
cat__model_ C Class,-0.09237905178833458,0.09237905178833458
cat__model_ Zafira Tourer,0.09129810237968447,0.09129810237968447
cat__model_ Verso,-0.09036600266892522,0.09036600266892522
cat__fuelType_Hybrid,0.09028378800490455,0.09028378800490455
cat__model_ TT,-0.08824911968082945,0.08824911968082945
cat__model_ X4,0.0875745522225903,0.0875745522225903
cat__model_ Zafira,0.08296167242764908,0.08296167242764908
cat__model_ CLA Class,-0.08194415029948096,0.08194415029948096
cat__brand_Hyundai,-0.0777174595350373,0.0777174595350373
cat__model_ Golf SV,-0.07665721029025649,0.07665721029025649
cat__fuelType_Diesel,-0.07556639045443736,0.07556639045443736
cat__brand_Toyota,0.07438146762188876,0.07438146762188876
cat__model_ Eos,-0.07417075784283926,0.07417075784283926
num__mileage,-0.07356433901544211,0.07356433901544211
cat__brand_Audi,0.07223509448624559,0.07223509448624559
cat__model_ 5 Series,-0.07092538345486446,0.07092538345486446
cat__model_ A7,-0.06841100889564689,0.06841100889564689
cat__model_ A6,-0.06706621268588137,0.06706621268588137
cat__transmission_Manual,-0.06698157451195844,0.06698157451195844
cat__model_ Avensis,-0.06671862950885883,0.06671862950885883
cat__model_ Q5,0.0666766439060972,0.0666766439060972
cat__model_ SL CLASS,-0.06650726133642876,0.06650726133642876
cat__model_ CC,-0.06582485921856317,0.06582485921856317
cat__model_ X3,0.06530151279001896,0.06530151279001896
cat__model_ Q3,-0.06501041982266395,0.06501041982266395
cat__model_ M4,0.06232345517664963,0.06232345517664963
cat__model_ Mokka,0.058751520321407735,0.058751520321407735
cat__model_ Mustang,-0.05854499193792461,0.05854499193792461
cat__model_ 6 Series,-0.05851848685444273,0.05851848685444273
cat__model_ Verso-S,-0.05434490340264783,0.05434490340264783
cat__model_ Getz,-0.05247686822302882,0.05247686822302882
cat__model_ I40,0.051575006415530936,0.051575006415530936
cat__model_ GLB Class,0.04871092170363745,0.04871092170363745
cat__model_ Focus,0.04552482859128748,0.04552482859128748
cat__model_ Corolla,-0.041645452851450965,0.041645452851450965
cat__model_ M6,-0.039766189771742136,0.039766189771742136
cat__model_ Mokka X,0.03940898736573309,0.03940898736573309
cat__model_ E Class,-0.03825067473375323,0.03825067473375323
cat__transmission_Semi-Auto,0.03714474030803831,0.03714474030803831
cat__model_ S4,0.03688166114302116,0.03688166114302116
cat__model_ Antara,-0.03416110007402089,0.03416110007402089
cat__brand_Skoda,-0.03311715361327349,0.03311715361327349
cat__model_ S3,0.030610179610293973,0.030610179610293973
cat__transmission_Automatic,0.029836834142822736,0.029836834142822736
cat__model_ I30,-0.029709395411582445,0.029709395411582445
cat__model_ T-Cross,0.027123274144863402,0.027123274144863402
cat__model_ EcoSport,-0.026799054704593737,0.026799054704593737
cat__model_ Caddy Maxi,-0.026456670929486014,0.026456670929486014
cat__model_ Ioniq,0.025679926524243987,0.025679926524243987
cat__fuelType_Petrol,-0.024291359306676474,0.024291359306676474
cat__model_ Passat,0.023139786173899533,0.023139786173899533
cat__model_ I800,0.021585670460680696,0.021585670460680696
cat__model_ GL Class,-0.020320039832860577,0.020320039832860577
num__mileage_per_year,-0.020280265587657404,0.020280265587657404
cat__model_ Mondeo,0.02026837779473013,0.02026837779473013
cat__model_ Golf,0.018440474423846026,0.018440474423846026
cat__model_ A8,-0.01732660272804787,0.01732660272804787
cat__model_ Grand C-MAX,0.016599749089538318,0.016599749089538318
cat__model_ Beetle,-0.016194625507293652,0.016194625507293652
cat__brand_Mercedes,0.014978455383148247,0.014978455383148247
num__mpg,-0.012830658916680344,0.012830658916680344
cat__fuelType_Electric,0.009573961723427778,0.009573961723427778
cat__model_ Scirocco,-0.008149284234324946,0.008149284234324946
cat__brand_Ford,-0.007817565765188154,0.007817565765188154
cat__model_ CLS Class,-0.007396447531687555,0.007396447531687555
cat__model_ Astra,-0.006840692113804475,0.006840692113804475
cat__model_ Veloster,0.006584717425901831,0.006584717425901831
cat__model_ Octavia,-0.006205758094618461,0.006205758094618461
cat__model_ M2,-0.006096589585072337,0.006096589585072337
cat__brand_BMW,0.0033423114453246107,0.0033423114453246107
cat__model_ Scala,-0.0020732391416305295,0.0020732391416305295
cat__model_ GTC,-0.0016213986702358913,0.0016213986702358913
num__tax,-0.001516665986350138,0.001516665986350138
cat__model_ Crossland X,0.00019106522586506328,0.00019106522586506328
